{
	"format_version": "1.8.0",
	"animations": {
		"animation.witch.dead1": {
			"loop": "hold_on_last_frame",
			"animation_length": 0.6667,
			"anim_time_update": "query.anim_time + query.delta_time * 0.8",
			"bones": {
				"root": {
					"rotation": {
						"0.0": [0, 0, 0],
						"0.5": [90, 0, 0]
					}
				},
				"waist": {
					"rotation": {
						"0.5": [0, 0, 0],
						"0.5833": [-5, 0, 0],
						"0.6667": [0, 0, 0]
					}
				},
				"leftArm": {
					"rotation": {
						"0.0": [0, 0, 0],
						"0.2083": [-14.78217, -2.57594, -9.6658],
						"0.2917": [-59.09948, -9.57658, -39.02504],
						"0.375": [-59.09948, -9.57658, -39.02504],
						"0.5": [8.62823, -2.27845, -54.07089],
						"0.5833": [16.0235, -2.65289, -51.59567],
						"0.6667": [8.62823, -2.27845, -54.07089]
					}
				},
				"rightArm": {
					"rotation": {
						"0.0": [0, 0, 0],
						"0.2083": [-52.5, 0, 0],
						"0.3333": [-72.5, 0, 0],
						"0.375": [-72.5, 0, 0],
						"0.5": [-50, 80, 90],
						"0.5833": [-57.5, 80, 90]
					},
					"position": {
						"0.0": [0, 0, 0],
						"0.375": [0, 0, 0],
						"0.5": [-1, 1, 0]
					}
				},
				"leftLeg": {
					"rotation": {
						"0.0": [0, 0, 0],
						"0.2083": [0, 0, 0],
						"0.2917": [0, 0, 0],
						"0.375": [0, 0, 0],
						"0.5": [0, 0, 0],
						"0.5833": [15, 0, 0],
						"0.6667": [0, 0, 0]
					}
				},
				"rightLeg": {
					"rotation": {
						"0.0": [0, 0, 0],
						"0.2083": [-7.47178, 0.65182, 4.95744],
						"0.2917": [-7.47178, 0.65182, 4.95744],
						"0.375": [-7.47178, 0.65182, 4.95744],
						"0.5": [0.02822, 0.65182, 4.95744],
						"0.5833": [7.52822, 0.65182, 4.95744],
						"0.6667": [0.02822, 0.65182, 4.95744]
					}
				},
				"head": {
					"rotation": {
						"0.0": [0, 0, 0],
						"0.3333": [15, 0, 0],
						"0.5": [15, 0, 0],
						"0.5833": [-5, 0, 0],
						"0.6667": [0, 0, 0]
					}
				}
			}
		},
		"animation.witch.dead2": {
			"loop": "hold_on_last_frame",
			"animation_length": 0.6667,
			"anim_time_update": "query.anim_time + query.delta_time * 0.8",
			"bones": {
				"root": {
					"rotation": {
						"0.0": [0, 0, 0],
						"0.5": [52.9746, 5.76678, -63.11944]
					}
				},
				"waist": {
					"rotation": {
						"0.5": [0, -30, 0],
						"0.6667": [0, -72.5, 0]
					}
				},
				"leftArm": {
					"rotation": {
						"0.0": [0, 0, 0],
						"0.2083": [15.21783, -2.57594, -9.6658],
						"0.2917": [15.21783, -2.57594, -9.6658],
						"0.375": [15.21783, -2.57594, -9.6658],
						"0.5": [18.2649, 1.49735, -4.20328],
						"0.5833": [16.40349, 8.28156, -25.74831],
						"0.6667": [60.7649, 1.49735, -4.20328]
					}
				},
				"rightArm": {
					"rotation": {
						"0.0": [0, 0, 0],
						"0.2083": [-52.5, 0, 0],
						"0.3333": [-72.5, 0, 0],
						"0.375": [-72.5, 0, 0],
						"0.5": [-72.5, 0, 0],
						"0.5833": [-72.5, 0, 0],
						"0.6667": [-40, 0, 25]
					},
					"position": {
						"0.0": [0, 0, 0],
						"0.375": [0, 0, 0],
						"0.5": [-1, 1, 0]
					}
				},
				"leftLeg": {
					"rotation": {
						"0.0": [0, 0, 0],
						"0.2083": [0, 0, 0],
						"0.2917": [0, 0, 0],
						"0.375": [0, 0, 0],
						"0.5": [-25, 0, 0],
						"0.5833": [-24.81197, -3.1622, -6.80423],
						"0.6667": [-25, 0, 0]
					}
				},
				"rightLeg": {
					"rotation": {
						"0.0": [0, 0, 0],
						"0.2083": [-7.47178, 0.65182, 4.95744],
						"0.2917": [-7.47178, 0.65182, 4.95744],
						"0.375": [-7.47178, 0.65182, 4.95744],
						"0.5": [12.52822, 0.65182, 4.95744],
						"0.5833": [12.52822, 0.65182, 4.95744],
						"0.6667": [12.42655, 1.73275, 0.07455]
					}
				},
				"head": {
					"rotation": {
						"0.0": [0, 0, 0],
						"0.3333": [15, 0, 0],
						"0.5": [15, 0, 0],
						"0.5833": [-5, 0, 0],
						"0.6667": [0, 0, 0]
					}
				}
			}
		},
		"animation.witch.dead3": {
			"loop": "hold_on_last_frame",
			"animation_length": 0.7083,
			"anim_time_update": "query.anim_time + query.delta_time * 0.8",
			"bones": {
				"root": {
					"rotation": {
						"0.0": [0, 0, 0],
						"0.375": [-90, 0, 0],
						"0.5": [-90, 0, 0]
					}
				},
				"leftArm": {
					"rotation": {
						"0.0": [0, 0, 0],
						"0.2083": [-14.78217, -2.57594, -9.6658],
						"0.2917": [-21.59948, -9.57658, -39.02504],
						"0.375": [-19.10068, -3.01915, -49.12073],
						"0.5": [8.62823, -2.27845, -54.07089],
						"0.5833": [-1.37, -2.28, -54.07],
						"0.6667": [8.62823, -2.27845, -54.07089]
					}
				},
				"rightArm": {
					"rotation": {
						"0.0": [0, 0, 0],
						"0.2083": [-27.5, 0, 0],
						"0.3333": [-45, 0, 0],
						"0.375": [-52.5, 0, 0],
						"0.5": [17.66313, 80.69741, 135.74445],
						"0.5833": [11.57591, 75.85227, 129.5333]
					},
					"position": {
						"0.0": [0, 0, 0],
						"0.375": [0, 0, 0],
						"0.5": [-1, 1, 0]
					}
				},
				"leftLeg": {
					"rotation": {
						"0.0": [0, 0, 0],
						"0.2083": [-2.54608, 1.08089, -4.88206],
						"0.2917": [-3.26, 1.08, -4.88],
						"0.375": [-3.26, 1.08, -4.88],
						"0.5": [-13.26, 1.08, -4.88],
						"0.5833": [-3.26, 1.08, -4.88]
					}
				},
				"rightLeg": {
					"rotation": {
						"0.0": [0, 0, 0],
						"0.2083": [-12.47178, 0.65182, 4.95744],
						"0.2917": [-12.47178, 0.65182, 4.95744],
						"0.375": [-9.79, 0.65, 4.96],
						"0.5": [-14.79, 0.65, 4.96],
						"0.5833": [-9.79, 0.65, 4.96]
					}
				},
				"rightItem": {
					"rotation": {
						"0.0": [0, 0, 0],
						"0.5": [0, 10, 0],
						"0.6667": [12.5, 10, 0]
					},
					"position": {
						"0.0": [0, 0, 0],
						"0.4167": [0, 0, 0],
						"0.5": [-3, -3, -9]
					}
				},
				"head": {
					"rotation": {
						"0.0": [0, 0, 0],
						"0.2917": [-25, 0, 0],
						"0.5": [0, 0, 0],
						"0.625": [0, 27.5, 0],
						"0.7083": [-5, 27.5, 0]
					}
				}
			}
		},
		"animation.witch.dead4": {
			"loop": "hold_on_last_frame",
			"animation_length": 0.70833,
			"anim_time_update": "query.anim_time + query.delta_time * 0.8",
			"bones": {
				"root": {
					"rotation": {
						"0.0": [0, 0, 0],
						"0.5": [0, 0, 72.5],
						"0.5833": [0, 15, 82.5],
						"0.7083": [0, 90, 90]
					}
				},
				"leftarm": {
					"rotation": {
						"0.0": [0, 0, 0],
						"0.5": [-91.37177, -2.27845, -54.07089],
						"0.5833": [-91.37177, -2.27845, -54.07089],
						"0.7083": [-13.46639, -69.40933, -75.65143]
					}
				},
				"rightarm": {
					"rotation": {
						"0.0": [0, 0, 0],
						"0.2083": [-27.5, 0, 0],
						"0.3333": [-45, 0, 0],
						"0.375": [-52.5, 0, 0],
						"0.5": [-52.5, 0, 0],
						"0.5833": [-51.18107, 13.80192, 10.86531],
						"0.7083": [0, 0, 32.5]
					},
					"position": {
						"0.0": [0, 0, 0],
						"0.375": [0, 0, 0],
						"0.5": [-1, 1, 0]
					}
				},
				"leftLeg": {
					"rotation": {
						"0.0": [0, 0, 0],
						"0.2083": [-2.54608, 1.08089, -4.88206],
						"0.2917": [-3.26, 1.08, -4.88],
						"0.375": [-3.26, 1.08, -4.88],
						"0.5": [-13.26, 1.08, -4.88],
						"0.5833": [-3.26, 1.08, -4.88],
						"0.6667": [-13.26, 1.08, -4.88],
						"0.7083": [-3.26, 1.08, -4.88]
					}
				},
				"rightLeg": {
					"rotation": {
						"0.0": [0, 0, 0],
						"0.2083": [-12.47178, 0.65182, 4.95744],
						"0.2917": [-12.47178, 0.65182, 4.95744],
						"0.375": [-14.79, 0.65, 4.96],
						"0.5": [-14.79, 0.65, 4.96],
						"0.5833": [-9.80929, -0.20154, 0.03296],
						"0.7083": [-2.29, 0.65, 4.96]
					}
				},
				"rightItem": {
					"rotation": {
						"0.0": [0, 0, 0],
						"0.5": [0, 10, 0],
						"0.6667": [12.5, 10, 0]
					},
					"position": {
						"0.0": [0, 0, 0],
						"0.4167": [0, 0, 0],
						"0.5": [-3, -3, -9]
					}
				},
				"head": {
					"rotation": {
						"0.0": [0, 0, 0],
						"0.2917": [0, 0, -12.5],
						"0.5": [0, 0, 0],
						"0.625": [0, -25, 0],
						"0.7083": [-15, 27.5, 0]
					}
				}
			}
		},
		"animation.witch.nose": {
			"loop": true,