{
	"format_version": "1.8.0",
	"animations": {
		"animation.wither_skeleton.dead1": {
			"loop": "hold_on_last_frame",
			"animation_length": 0.6667,
			"anim_time_update": "query.anim_time + query.delta_time * 0.8",
			"bones": {
				"root": {
					"rotation": {
						"0.0": [0, 0, 0],
						"0.5": [90, 0, 0]
					}
				},
				"waist": {
					"rotation": {
						"0.5": [0, 0, 0],
						"0.5833": [-5, 0, 0],
						"0.6667": [0, 0, 0]
					}
				},
				"leftArm": {
					"rotation": {
						"0.0": [0, 0, 0],
						"0.2083": [-14.78217, -2.57594, -9.6658],
						"0.2917": [-59.09948, -9.57658, -39.02504],
						"0.375": [-59.09948, -9.57658, -39.02504],
						"0.5": [8.62823, -2.27845, -54.07089],
						"0.5833": [16.0235, -2.65289, -51.59567],
						"0.6667": [8.62823, -2.27845, -54.07089]
					},
					"position": {
						"0.3333": [0, 0, 0],
						"0.4167": [3, 0, 0]
					}
				},
				"rightArm": {
					"rotation": {
						"0.0": [0, 0, 0],
						"0.2083": [-52.5, 0, 0],
						"0.3333": [-72.5, 0, 0],
						"0.375": [-72.5, 0, 0],
						"0.5": [-50, 80, 90],
						"0.5833": [-57.5, 80, 90]
					},
					"position": {
						"0.0": [0, 0, 0],
						"0.1667": [0, 0, 0],
						"0.2917": [-1, 1, 0],
						"0.375": [-1, 1, 0],
						"0.4583": [-3, 3, 0]
					}
				},
				"leftLeg": {
					"rotation": {
						"0.0": [0, 0, 0],
						"0.2083": [0, 0, 0],
						"0.2917": [0, 0, 0],
						"0.375": [0, 0, 0],
						"0.5": [0, 0, 0],
						"0.5833": [15, 0, 0],
						"0.6667": [0, 0, 0]
					},
					"position": {
						"0.2083": [0, 0, 0],
						"0.2917": [1, -1, 0]
					}
				},
				"rightLeg": {
					"rotation": {
						"0.0": [0, 0, 0],
						"0.2083": [-7.47178, 0.65182, 4.95744],
						"0.2917": [-7.47178, 0.65182, 4.95744],
						"0.375": [-7.47178, 0.65182, 4.95744],
						"0.5": [0.02822, 0.65182, 4.95744],
						"0.5833": [7.52822, 0.65182, 4.95744],
						"0.6667": [0.02822, 0.65182, 4.95744]
					},
					"position": {
						"0.25": [0, 0, 0],
						"0.3333": [-2, -1, 0]
					}
				},
				"head": {
					"rotation": {
						"0.0": [0, 0, 0],
						"0.3333": [15, 0, 0],
						"0.5": [15, 0, 0],
						"0.5833": [-5, 0, 0],
						"0.6667": [0, 0, 0]
					},
					"position": {
						"0.2917": [0, 0, 0],
						"0.375": [0, 3, 0]
					}
				}
			}
		},
		"animation.wither_skeleton.dead2": {
			"loop": "hold_on_last_frame",
			"animation_length": 0.6667,
			"anim_time_update": "query.anim_time + query.delta_time * 0.8",
			"bones": {
				"root": {
					"rotation": {
						"0.0": [0, 0, 0],
						"0.5": [52.9746, 5.76678, -63.11944]
					}
				},
				"waist": {
					"rotation": {
						"0.125": [0, -30, 0],
						"0.2917": [0, -72.5, 0]
					}
				},
				"leftArm": {
					"rotation": {
						"0.0": [0, 0, 0],
						"0.2083": [15.21783, -2.57594, -9.6658],
						"0.2917": [15.21783, -2.57594, -9.6658],
						"0.375": [15.21783, -2.57594, -9.6658],
						"0.5": [-6.7351, 1.49735, -4.20328],
						"0.5833": [-16.7351, 1.49735, -4.20328],
						"0.6667": [-6.7351, 1.49735, -4.20328]
					},
					"position": {
						"0.3333": [0, 0, 4],
						"0.4167": [2, 0, 2]
					}
				},
				"rightArm": {
					"rotation": {
						"0.0": [0, 0, 0],
						"0.2083": [-52.5, 0, 0],
						"0.3333": [-72.5, 0, 0],
						"0.375": [-72.5, 0, 0],
						"0.5": [-10, 0, 0],
						"0.5833": [-17.5, 0, 0],
						"0.6667": [-10, 0, 0]
					},
					"position": {
						"0.0": [0, 0, 0],
						"0.2083": [0, 0, 0],
						"0.3333": [-1, 1, 0],
						"0.4167": [-1, 1, 0],
						"0.5": [-1, 1, 4]
					}
				},
				"leftLeg": {
					"rotation": {
						"0.0": [0, 0, 0],
						"0.2083": [0, 0, 0],
						"0.2917": [0, 0, 0],
						"0.375": [0, 0, 0],
						"0.5": [-22.47096, -11.2531, -25.25766],
						"0.5833": [-18.2489, -17.38772, -42.18626],
						"0.6667": [-22.47096, -11.2531, -25.25766]
					},
					"position": {
						"0.3333": [0, 0, 0],
						"0.4167": [-3, 0, -4]
					}
				},
				"rightLeg": {
					"rotation": {
						"0.0": [0, 0, 0],
						"0.2083": [-7.47178, 0.65182, 4.95744],
						"0.2917": [-7.47178, 0.65182, 4.95744],
						"0.375": [-7.47178, 0.65182, 4.95744],
						"0.5": [11.94884, 3.84905, -9.71115],
						"0.5833": [10.26775, 7.24649, -26.9622],
						"0.6667": [11.94884, 3.84905, -9.71115]
					}
				},
				"head": {
					"rotation": {
						"0.0": [0, 0, 0],
						"0.3333": [15, 0, 0],
						"0.5": [15, 0, 0],
						"0.5833": [-5, 0, 0],
						"0.6667": [0, 0, 0]
					},
					"position": {
						"0.3333": [0, 0, 0],
						"0.4167": [0, 3, 0]
					}
				},
				"body": {
					"rotation": {
						"0.1667": [0, 0, 0],
						"0.25": [-5, -50, 0]
					},
					"position": {
						"0.1667": [0, 0, 0],
						"0.25": [0, 0, 2]
					}
				}
			}
		},
		"animation.wither_skeleton.dead3": {
			"loop": "hold_on_last_frame",
			"animation_length": 0.70833,
			"anim_time_update": "query.anim_time + query.delta_time * 0.8",
			"bones": {
				"root": {
					"rotation": {
						"0.0": [0, 0, 0],
						"0.375": [-90, 0, 0],
						"0.5": [-90, 0, 0]
					}
				},
				"leftArm": {
					"rotation": {
						"0.0": [0, 0, 0],
						"0.2083": [-14.78217, -2.57594, -9.6658],
						"0.2917": [-21.59948, -9.57658, -39.02504],
						"0.375": [-19.10068, -3.01915, -49.12073],
						"0.5": [8.62823, -2.27845, -54.07089],
						"0.5833": [-1.37, -2.28, -54.07],
						"0.6667": [8.62823, -2.27845, -54.07089]
					},
					"position": {
						"0.2083": [0, 0, 0],
						"0.2917": [2, 0, 0]
					}
				},
				"rightArm": {
					"rotation": {
						"0.0": [0, 0, 0],
						"0.2083": [-27.5, 0, 0],
						"0.3333": [-45, 0, 0],
						"0.375": [-52.5, 0, 0],
						"0.5": [17.66313, 80.69741, 135.74445],
						"0.5833": [17.66313, 80.69741, 135.74445]
					},
					"position": {
						"0.0": [0, 0, 0],
						"0.2083": [0, 0, 0],
						"0.2917": [-1, 1, 0],
						"0.375": [-3, 1, 0]
					}
				},
				"leftLeg": {
					"rotation": {
						"0.0": [0, 0, 0],
						"0.2083": [-2.54608, 1.08089, -4.88206],
						"0.2917": [-3.26, 1.08, -4.88],
						"0.375": [-3.26, 1.08, -4.88],
						"0.5": [-13.26, 1.08, -4.88],
						"0.5833": [-3.26, 1.08, -4.88]
					},
					"position": {
						"0.2083": [0, 0, 0],
						"0.2917": [0, -1, 0]
					}
				},
				"rightLeg": {
					"rotation": {
						"0.0": [0, 0, 0],
						"0.2083": [-12.47178, 0.65182, 4.95744],
						"0.2917": [-12.47178, 0.65182, 4.95744],
						"0.375": [-9.79, 0.65, 4.96],
						"0.5": [-14.79, 0.65, 4.96],
						"0.5833": [-9.79, 0.65, 4.96]
					},
					"position": {
						"0.2083": [0, 0, 0],
						"0.2917": [0, -1, 0]
					}
				},
				"head": {
					"rotation": {
						"0.0": [0, 0, 0],
						"0.2917": [-25, 0, 0],
						"0.5": [0, 0, 0],
						"0.625": [0, 27.5, 0],
						"0.7083": [-5, 27.5, 0]
					},
					"position": {
						"0.2083": [0, 0, 0],
						"0.2917": [0, 2, 0]
					}
				}
			}
		},
		"animation.wither_skeleton.base_pose": {
			"loop": true,
			"animation_length": 1.5,
			"anim_time_update": "query.anim_time + query.delta_time * 0.5",
			"bones": {
				"leftArm": {
					"rotation": {
						"0.0": [0, 0, 0],
						"0.75": [0, 0, -7.5],
						"1.5": [0, 0, 0]
					},
					"scale": {
						"0.0": [1, 1, 1],
						"0.75": [1, 1, 0.95],
						"1.5": [1, 1, 1]
					}
				},
				"rightArm": {
					"rotation": {
						"0.0": [0, 0, 0],
						"0.75": [0, 0, 7.5],
						"1.5": [0, 0, 0]
					},
					"scale": {
						"0.0": [1, 1, 1],
						"0.75": [1, 1, 0.95],
						"1.5": [1, 1, 1]
					}
				},
				"body": {
					"position": {
						"0.0": [0, 0, 0],
						"0.75": [0, 0.2, 0],
						"1.5": [0, 0, 0]
					}
				},
				"head": {
					"scale": {
						"0.0": [1, 1, 1],
						"0.75": [1, 1, 0.95],
						"1.5": [1, 1, 1]
					}
				}
			}
		},
		"animation.wither_skeleton.idle1": {
			"loop": "hold_on_last_frame",
			"animation_length": 1.5,
			"anim_time_update": "query.anim_time + query.delta_time * 0.8",
			"bones": {
				"head": {
					"rotation": {
						"0.0": [0, 0, 0],
						"0.5": [0, 52.5, 0],
						"1.0": [0, -52.5, 0],